"","chr","pos","strand","Name","AddressA","AddressB","ProbeSeqA","ProbeSeqB","Type","NextBase","Color","Probe_rs","Probe_maf","CpG_rs","CpG_maf","SBE_rs","SBE_maf","Islands_Name","Relation_to_Island","col","Probe_Type","Strand_FR","Strand_TB","Strand_CO","Infinium_Design","Species","Rep_Num","UCSC_RefGene_Name","GencodeV41_Name","Phantom5_Enhancers","HMM_Island","Regulatory_Feature_Group","Methyl450_Enhancer","DMR","Methyl450_Loci","Methyl27_Loci","EPICv1_Loci","Manifest_probe_match"
"cg13533245_BC21","chr9",27561767,"+","cg13533245","76623288","","TACAAATTTTCRAAAATCTAAATTCAATATAACACACTACCTTCATTTCC","","II","","","rs2453554",0.167931,NA,NA,NA,NA,"","OpenSea","","cg","F","B","C","2","Human","1","","","","","","FALSE","","","","","FALSE"
"cg01126010_TC21","chr9",27564906,"+","cg01126010","88722539","","TTCAAAAAAACTTCTCTACTTTACAATAAAATAATCTATACTTAATTTCC","","II","","",NA,NA,NA,NA,NA,NA,"","OpenSea","","cg","F","T","C","2","Human","1","","","chr9:27564819-27564970","","Unclassified_Cell_type_specific","TRUE","","","","cg01126010","FALSE"
"cg15843044_BC21","chr9",27567156,"+","cg15843044","22742936","","CAAAAAATCRACATCACTACATTCCAACTATCACATTATCCAAATACTCC","","II","","",NA,NA,NA,NA,NA,NA,"","OpenSea","","cg","F","B","C","2","Human","1","C9orf72;C9orf72;C9orf72;C9orf72;C9orf72;C9orf72","C9orf72;C9orf72;C9orf72;C9orf72;C9orf72;C9orf72;C9orf72;C9orf72;C9orf72;C9orf72;C9orf72;C9orf72;C9orf72;C9orf72;C9orf72","","","","FALSE","","","","cg15843044","FALSE"
"cg01861827_TC21","chr9",27569287,"-","cg01861827","40650475","","ATATAAAAACCTAAAACACTATACACCACTATAAACTATAAACACAATAC","","II","","",NA,NA,NA,NA,NA,NA,"chr9:27572968-27573482","Shelf","","cg","R","T","C","2","Human","1","","","","","","FALSE","","","","cg01861827","FALSE"
"cg13958452_BC21","chr9",27571486,"+","cg13958452","89607330","","ATTCTACAATCATAAAACCCTCACTTCTTATTTTTTAAAAACAAAATCTC","","II","","",NA,NA,NA,NA,NA,NA,"chr9:27572968-27573482;chr9:27573761-27573989","Shore","","cg","F","B","C","2","Human","1","","","","","","FALSE","","cg13958452","","cg13958452","TRUE"
"cg13533303_TC21","chr9",27571819,"-","cg13533303","81681193","","TTCACTATCCTTAAAATAATCCTAAACAACTCCTATTATAAAAAATAAAC","","II","","",NA,NA,NA,NA,NA,NA,"chr9:27572968-27573482;chr9:27573761-27573989","Shore","","cg","R","T","C","2","Human","1","","","","","","FALSE","","","","","FALSE"
"cg13533310_TC21","chr9",27572615,"-","cg13533310","52749384","","AAAAAAAATCCTACACTTTCCCAAAAAAAATAACCCTTTCAAATACAATC","","II","","",NA,NA,NA,NA,NA,NA,"chr9:27572968-27573482;chr9:27573761-27573989","Shore","","cg","R","T","C","2","Human","1","","","","","Promoter_Associated","TRUE","","","","","FALSE"
"cg13533317_BC21","chr9",27572969,"+","cg13533317","46663832","","AAAACTTAAACTAAAATTATACAAACRTCTCCACACCCCCATCTCATCCC","","II","","",NA,NA,NA,NA,NA,NA,"chr9:27572968-27573482;chr9:27573761-27573989","Island","","cg","F","B","C","2","Human","1","","","","","","FALSE","","","","","FALSE"
"cg13533352_TC11","chr9",27573249,"-","cg13533352","68727821","58622273","CTAAATATCAAACTTTCACCTCTAACAACTAATAAAATTACCTACATCCA","CTAAATATCGAACTTTCGCCTCTAACGACTAATAAAATTACCTACATCCG","I","A","Red","rs117462033",0.066693,NA,NA,NA,NA,"chr9:27572968-27573482;chr9:27573761-27573989","Island","R","cg","R","T","C","1","Human","1","","","","","","FALSE","","","","","FALSE"
"cg13533354_TC21","chr9",27573281,"-","cg13533354","94698526","","TTTTTACTTTCCCTCTCATTTCTCTAACCRAAACTAAATATCRAACTTTC","","II","","",NA,NA,NA,NA,NA,NA,"chr9:27572968-27573482;chr9:27573761-27573989","Island","","cg","R","T","C","2","Human","1","","","","","","FALSE","","","","","FALSE"
"cg13533361_TC11","chr9",27573369,"-","cg13533361","21757520","63788114","ACAACATCCTAACAAATAACTATTTAAAATTCAACTACCAAAAAAAAACA","ACGACATCCTAACGAATAACTATTTAAAATTCGACTACCGAAAAAAAACG","I","C","Grn",NA,NA,NA,NA,NA,NA,"chr9:27572968-27573482;chr9:27573761-27573989","Island","G","cg","R","T","C","1","Human","1","","","","","","FALSE","","","","","FALSE"
"cg13533362_BC11","chr9",27573379,"-","cg13533362","81729138","64779444","AAATAAAAAAACAACATCCTAACAAATAACTATTTAAAATTCAACTACCA","AAATAAAAAAACGACATCCTAACGAATAACTATTTAAAATTCGACTACCG","I","A","Red",NA,NA,NA,NA,NA,NA,"chr9:27572968-27573482;chr9:27573761-27573989","Island","R","cg","R","B","C","1","Human","1","","","","","","FALSE","","","","","FALSE"
"cg01589155_TC11","chr9",27573534,"-","cg01589155","27768446","36730879","CCTATAACAAACTCTAAAACTCAAAAATCACACACTAAAAACCAAAACCA","CCTATAACAAACTCTAAAACTCAAAAATCGCGCGCTAAAAACCGAAACCG","I","A","Red",NA,NA,NA,NA,NA,NA,"chr9:27573761-27573989;chr9:27572968-27573482","Shore","R","cg","R","T","C","1","Human","1","C9orf72","ENSG00000147894.17;ENSG00000147894.17;ENSG00000147894.17;ENSG00000147894.17","","","","FALSE","","","","cg01589155","FALSE"
"cg05151778_BC11","chr9",27573550,"-","cg05151778","7744384","90665313","AAAAAAACAACCACAACCTATAACAAACTCTAAAACTCAAAAATCACACA","AAAAAAACAACCGCAACCTATAACAAACTCTAAAACTCAAAAATCGCGCG","I","C","Grn",NA,NA,NA,NA,NA,NA,"chr9:27573761-27573989;chr9:27572968-27573482","Shore","G","cg","R","B","C","1","Human","1","C9orf72","ENSG00000147894.17;ENSG00000147894.17;ENSG00000147894.17;ENSG00000147894.17","","","","FALSE","","","","cg05151778","FALSE"
"cg05990720_BC21","chr9",27573652,"+","cg05990720","92654378","","TATTTTCTTCTAATTAATCTTTATCAAATCTTTTCTTATTCACCCTCAAC","","II","","",NA,NA,NA,NA,NA,NA,"chr9:27573761-27573989;chr9:27572968-27573482","Shore","","cg","F","B","C","2","Human","1","C9orf72","ENSG00000147894.17;ENSG00000147894.17;ENSG00000147894.17;ENSG00000147894.17","","","Promoter_Associated","TRUE","","cg05990720","","cg05990720","TRUE"
"cg23074747_TC11","chr9",27573819,"+","cg23074747","96702506","21762175","AAAACAACTAACACACCAAACATCATCTTTTACATAAACAAAACTTATCA","AAAACGACTAACACACCAAACGTCATCTTTTACGTAAACGAAACTTATCG","I","C","Grn","rs41272893",0.027955,NA,NA,NA,NA,"chr9:27573761-27573989;chr9:27572968-27573482","Island","G","cg","F","T","C","1","Human","1","C9orf72;C9orf72;C9orf72;C9orf72;C9orf72","C9orf72;C9orf72;C9orf72;C9orf72;C9orf72;C9orf72;ENSG00000147894.17;ENSG00000147894.17;ENSG00000147894.17;ENSG00000147894.17;ENSG00000147894.17","","","Promoter_Associated","TRUE","","cg23074747","cg23074747","cg23074747","TRUE"
"cg13533397_BC21","chr9",27573885,"+","cg13533397","70795473","","CTCTTTCCTAACRAAACACCRTAAATTACRTCTATCTATTTTCTATATAC","","II","","",NA,NA,NA,NA,NA,NA,"chr9:27573761-27573989;chr9:27572968-27573482","Island","","cg","F","B","C","2","Human","1","C9orf72;C9orf72;C9orf72","ENSG00000147894.17;ENSG00000147894.17;ENSG00000147894.17;ENSG00000147894.17;ENSG00000147894.17;ENSG00000147894.17;ENSG00000147894.17;ENSG00000147894.17","","","Promoter_Associated","TRUE","","","","","FALSE"
"cg11613875_BC11","chr9",27573891,"+","cg11613875","5697132","82611464","CTAACAAAACACCATAAATTACATCTATCTATTTTCTATATACAATAACA","CTAACGAAACACCGTAAATTACGTCTATCTATTTTCTATATACGATAACG","I","T","Red",NA,NA,NA,NA,NA,NA,"chr9:27573761-27573989;chr9:27572968-27573482","Island","R","cg","F","B","C","1","Human","1","C9orf72;C9orf72;C9orf72","ENSG00000147894.17;ENSG00000147894.17;ENSG00000147894.17;ENSG00000147894.17;ENSG00000147894.17;ENSG00000147894.17;ENSG00000147894.17;ENSG00000147894.17","","","Promoter_Associated","TRUE","","cg11613875","cg11613875","cg11613875","TRUE"
"cg03854581_BC21","chr9",27573968,"+","cg03854581","63614159","","ACRAAACAACTTATCCTATTCTTTTATCTTAAAACCCRCTCTAAAAAAAC","","II","","","rs1373537",0.011182,NA,NA,NA,NA,"chr9:27573761-27573989;chr9:27572968-27573482","Island","","cg","F","B","C","2","Human","1","C9orf72;C9orf72;C9orf72","ENSG00000147894.17;ENSG00000147894.17;ENSG00000147894.17;ENSG00000147894.17;ENSG00000147894.17;ENSG00000147894.17;ENSG00000147894.17;ENSG00000147894.17","","","Promoter_Associated","TRUE","","","","cg03854581","FALSE"
"cg13533404_BC21","chr9",27573982,"+","cg13533404","61619380","","CCTATTCTTTTATCTTAAAACCCRCTCTAAAAAAACRTTAACRCAATAAC","","II","","","rs1373537",0.011182,NA,NA,NA,NA,"chr9:27573761-27573989;chr9:27572968-27573482","Island","","cg","F","B","C","2","Human","1","C9orf72;C9orf72;C9orf72","ENSG00000147894.17;ENSG00000147894.17;ENSG00000147894.17;ENSG00000147894.17;ENSG00000147894.17;ENSG00000147894.17;ENSG00000147894.17;ENSG00000147894.17","","","Promoter_Associated","TRUE","","","","","FALSE"
"cg14363787_TC21","chr9",27573988,"-","cg14363787","86668464","","RAAATCRTCTTCACTTTCTCCAAATCCAACAACCTCCCCTATTAAAATTC","","II","","","rs1414037",0.03095,NA,NA,NA,NA,"chr9:27573761-27573989;chr9:27572968-27573482","Island","","cg","R","T","C","2","Human","1","C9orf72;C9orf72;C9orf72","ENSG00000147894.17;ENSG00000147894.17;ENSG00000147894.17;ENSG00000147894.17;ENSG00000147894.17;ENSG00000147894.17;ENSG00000147894.17;ENSG00000147894.17","","","Promoter_Associated","TRUE","","cg14363787","","cg14363787","TRUE"
"cg13533410_BC21","chr9",27574186,"-","cg13533410","9612353","","ATAAAAACAAAATTACRATAACTTTACAAAAAACCRTAAAATTCCCRCCC","","II","","",NA,NA,NA,NA,NA,NA,"chr9:27572968-27573482;chr9:27573761-27573989","Shore","","cg","R","B","C","2","Human","1","C9orf72;C9orf72;C9orf72","ENSG00000147894.17;ENSG00000147894.17;ENSG00000147894.17;ENSG00000147894.17;ENSG00000147894.17;ENSG00000147894.17;ENSG00000147894.17;ENSG00000147894.17","","","","FALSE","","","","","FALSE"
"cg01589701_TC21","chr9",27574385,"-","cg01589701","87704495","","TACTACTCATCTATAATAAATAAAATCTATACACCTACAAACCAAAAAAC","","II","","",NA,NA,NA,NA,NA,NA,"chr9:27572968-27573482;chr9:27573761-27573989","Shore","","cg","R","T","C","2","Human","1","C9orf72;C9orf72;C9orf72","ENSG00000147894.17;ENSG00000147894.17;ENSG00000147894.17;ENSG00000147894.17;ENSG00000147894.17;ENSG00000147894.17;ENSG00000147894.17;ENSG00000147894.17","","","","FALSE","","","","cg01589701","FALSE"
